"english","russian","udmurt",
"List all boardgames by GMT.","Перечислите все игры GMT.","  Вералэ  GMT-лэсь вань шудонъёссэ.",
"Who developed Skype?","Кто разработал скайп","Кин кылдытиз скайп?",
"Which people were born in Heraklion?","Кто родился в Ираклионе","Кин вордскиз Ираклионын?",
"In which U.S. state is Area 51 located?","В каком штате США находится военная база ""Зона 51""","США-лэн Кыӵе штатаз  интыяськемын военной база ""Зона 51""?",
"Who is the mayor of New York City?","Кто является мэром Нью-Йорка","Кин Нью-Йорклэн валтись муртэз?",
"Which countries have places with more than two caves?","В каких странах есть места с более чем двумя пещерами","Кыӵе кунъёын вань интыос кыклэсь трос гурезьгыркъесын?",
"Where did Abraham Lincoln die?","Где умер Авраам Линкольн","Кытын кулиз Авраам Линкольн?",
"Which airports does Air China serve?","Какие аэропорты обслуживает авиакомпания Air China?","Кыӵе аэропортъесты обсуживать каре авиокомпаия Air China",
"Give me all actors starring in movies directed by and starring William Shatner.","Какие актеры снимались в фильмах, где режиссером и актером был Уильям Шетнер?","Кыӵе актеръес шудизы фильмъёсын, кудъесаз режиссер но актер вал Уильям Шетнер",
"What are the official languages of the Philippines?","Какие официальные языки Филиппин","Филиппинын официальной кылъесыз",
"Give me all Danish films.","Назовите все датские фильмы","Вералэ ваньзэ датской фильмъесты",
"Which movies starring Brad Pitt were directed by Guy Ritchie?","Какие фильмы с Брэдом Питтом в главной роли были сняти режиссером Гаем Ричи?","Кыӵе фильмъёс Брэд Питтэн валтись рольын снять каремын вал Гаем Ричи режиссерен",
"Give me the grandchildren of Bruce Lee.","Дайте мне внуков Брюса Ли.","Возьматэ мыным  Брюс Лилэсь внукъессэ",
"Which other weapons did the designer of the Uzi develop?","Какое еще оружие создал конструктор ""Узи""?","Кыӵе пычал тирлык кылдытиз на ""Узи"" конструктор?",
"Who is the owner of Universal Studios?","Кто владелец Universal Studios?","Кин Юниверсал Студиослэн возисез?",
"Which state of the USA has the highest population density?","В каком штате США наиболее высокая плотность населения?","СШАлэн кудаз штатаз калык наплыкез тужгес но трос?",
"Which monarchs were married to a German?","Какие монархи были женаты на немках?","Кыӵе эксейёс кузпалъяськемын вал немкаос вылэ?",
"Which organizations were founded in 1950?","Какие организации были созданы в 1950 году?","Кыӵе огазеяськонъёс кылдытэмын вал 1950 арын?",
"Who created the comic Captain America?","Кто создал комикс ""Капитан Америка""?","Кин кылдытиз комикс  ""Капитан Америка""?",
"Give me the Apollo 14 astronauts.","Скажите имена астронавтов ""Аполлон-14"".","Вералэ ""Аполлон-14"" австронавтъёслэсь нимъессэз",
"Who wrote the book The pillars of the Earth?","Кто написал книгу ""Столпы Земли""?","Кин гожтиз ""Столпы Земли"" книгаез?",
"Which state of the United States of America has the highest density?","Какой штат Соединенных Штатов Америки имет самую высокую плотность населения?","СШАлэн кудаз штатаз калык наплыкез тужгес но трос?",
"Which spaceflights were launched from Baikonur?","Какие космические корабли были запущены с Байконура?","Кыӵе космической корабльёс лэземын вал Байконурысен?",
"Give me a list of all trumpet players that were bandleaders.","Перечисите список всех трубачей, которые были дирижерами оркестра?","Нимаз вералэ гумыен шудисьёсты, кудъёсыз вал оркестръёслэн  дирижеръёссы?",
"Which U.S. states are in the same timezone as Utah?","Какие штаты США находятся в том же часов поясе, что и юта?","СШАлэн Кыӵе штатъёсыз интыясько Ютаен одиг часовой поясын?",
"Which U.S. states possess gold minerals?","Какие штаты США обадают золотыми запасами?","СШАлэн Кыӵе штатъёсыз киулаз возё зарни запассъёсты?",
"Who is the daughter of Ingrid Bergman married to?","За кем замужем дочь Ингрид Бергман?","Кинлы быӟемын Ингрид Бергманлэн нылыз?",
"How deep is Lake Placid?","Насколько глубоко озеро Плэсид?","Макем мур Плэсид ты?",
"Show me all museums in London.","Перечислите все музеи Лондона.","Вералэ Лондонысь вань музейёсты",
"Which caves have more than 3 entrances?","Какие пещеры имеют больше чем 3 входа?","Кыӵе гурезьгыркъёслэн куинь потоннизы?",
"Who is the tallest player of the Atlanta Falcons?","Кто самый высокий игрок Атланта Фэлконс?","Атланта Фэлконсын тужгес но жужытэз шудись",
"What are the top-10 action role-playing video games according to IGN?","Какие игры входят в топ-10 экшен рпг согласно IGN?","Кыӵе шудонъёс пыро топ-10 экшен рольёсын шудонъёс",
"Give me all writers that won the Nobel Prize in literature.","Назови всех писателей получивших Нобелевскую премию по литературе?","Вералэ ваньзэ гожъясьчиоты, кудъесыз басьтизы литературая Нобелевской премия",
"Show me all basketball players that are higher than 2 meters.","Покажи мне всех баскетболистов выше двух метров.","Возьматэ мыным ваньзэ баскетболистъёсты, кудъёсыз  кык метырлэсь жужытэсьгес  ",
"When was the Statue of Liberty built?","Когда была построена статуя свободы?","Ку лэсьтэмын вал Эрик сульдэр?",
"Which states border Illinois?","С какими штатами граничит Иллинойс?","Каче шатъёсын граничить каре Иллинойс?",
"Who developed Minecraft?","Кто разработал Майнкрафт?","Кин кылдытиз Майнкрафт шудонэз?",
"Where did Hillel Slovak die?","Где умер Хиллел Словак?","Кытын кулиз Хиллел Словак?",
"What movies does Jesse Eisenberg play in?","В каких фильмах сыграл Джесси Айзенберг?","Кыӵе фильмъёсын шудиз Джесси Айзенберг?",
"Give all swimmers that were born in Moscow.","Назови мне всех пловцов рожденных в Москве.","Вералэ ваньзэ уясьёсы, кудъесыз вордскизы Москваын?",
"Give me all cosmonauts.","Перечислите всех космонавтов.","  Вералэ  ваньзэ космонавтъёсты",
"Give me all Swiss non-profit organizations.","Перечислите все швейцарские некоммерческие организации."," Вералэ ваньзэ швейцарской некоммерческой огазеяськонъёсты",
"Which presidents were born in 1945?","Какие президенты родились в 1945?","Кыӵе президентъес вордскизы 1945 арын?",
"What kind of music did Lou Reed play?","Какую музыку играл Лу Рид?","Кыӵе крезьгур шудиз Лу Рид?",
"Where do the Red Sox play?","Где играли Ред Сокс?","Кытын шудиз Ред Сокс?",
"Show a list of soccer clubs that play in the Bundesliga.","Покажи список футбольных клубов, которые играли в Бундеслиге","Возьматы футбольной клубъёслэсь списоксэс, кудъёсыз Бундэслигаын шудизы ",
"Which volcanos in Japan erupted since 2000?","Какие вулканы извергаись в Японии с 2000 года?","Кыӵе тылгурезьёс ургылизы Япониын 2000-ти  арысен?",
"Which bridges cross the Seine?","Какие мосты пересекают Сену?","Кыӵе выжъёс Сена шур вамен пото?",
"What is the official color of the University of Oxford?","Какой официальный цвет Оксфордского университета?","Кыӵе официальной буёлэз луэ Оксфордской университетлэн?",
"How many films did Hal Roach produce?","Сколько фильмов продюсировал Хэл Роуч?","Кӧня фильмъёсты продюсировать кариз Хэл Роуч?",
"Give me all Danish movies.","Перечислите все датские фильмы","  Вералэ вань датской фильмъёсты",
"What is the most frequent cause of death?","Какая самая частая причина смерти","Кыӵе тужгес но чем кулон муг?",
"Who are the four youngest MVP basketball players?","Назовите четырех самых молодых MVP баскетболистов","Баскетболэн тужгес егит куать MVP-оссэс нималэ. ",
"Give me all companies in Munich.","Перечислите все компании в Мюнхене","  Вералэ Мюнхенысь вань компаниосты?",
"Give me the capitals of all countries that the Himalayas run through.","Перечислите столицы всех стран, через которые проходят Гималаи","  Вералэ вань кунъёслэсь шор каръёссэс, кудъесыз пыр ортчо Гималай гурезьёс",
"How many movies did Park Chan-wook direct?","В скольки фильмах Пак Чхан Ук был режиссером","Кӧня фильмъёсын Пак Чхан Ук вал режиссер?",
"Which rivers flow into a German lake?","Какие реки впадают в озера Германии","Кыӵе шуръес усе Германилэн тыосаз?",
"How many airlines are there?","Сколько всего авиакомпаний?","Кӧня авиокомпаниос вань?","Дунне вылын Кӧня авиакомпаниос вань?"
"Give me all islands that belong to Japan.","Перечислите все острова, которые принадлежат Японии"," Вералэ вань шормучъёсты, кудъёсыз Япония киын луо ",
"How many inhabitants does Maribor have?","Сколько жителей в Мариборе","Кӧня Мариборын улисьёсыз?",
"Give me all Apollo 14 astronauts.","Скажите имена астронавтов ""Аполлон-14"".","Вералэ ""Аполлон - 14"" австорнавтъёслэсь нимъёссэс",
"Which companies have more than 1 million employees?","Какие компании имеют численность более 1 миллиона сотрудников?","Кыӵе компаниосын ужасьёсыз 1 миллионлэсь тросгес?",
"In which films directed by Garry Marshall was Julia Roberts starring?","В каких фильмах режиссера Гарри Маршалла в главной роли снималась Джулия Робертс?","Гарри Маршал режиссерлэн  Кыӵе фильмъёсаз Джулиа Роберт шудиз валтись роль? ",
"Give me all soccer clubs in the Premier League.","Назовите все футбольные клубы Премьер-лиги.","Вералэ ваньзэ Премьер-лигаысь футбольной клубъёсты",
"What is the highest place of the Urals?","Самая высокая точка Урала?","Урал гурезьлэн тужгес но выли йылыз",
"Who is the governor of Wyoming?","Кто является губернатором Вайоминга?","Кин Вайоминглэн валтись муртэз луэ?",
"Where did the architect of the Eiffel Tower study?","Где учился архитектор Эйфелевой башни?","Кытын дышетскиз Эйфелева башнялэн архитекторез?",
"Give me all world heritage sites designated within the past two years.","Назовите все объекты всемирного наследия, назначенные в течение последних двух лет?","Вералэ  всемирной наследилэсь ваньзэ объектъёссэ, кудъёсыз пусъемын вал берпумети 2 ар чоже",
"Give me all actors who were born in Paris after 1950.","Назовите всех актеров, которые родились в Париже после 1950 года.","Вералэ ваньзэ актёрёсты, кудъёсыз вордскизы Парижын 1950 ар бере",
"Which movies star both Liz Taylor and Richard Burton?","В каких фильмах снимались вместе Лиз Тейлор и Ричард Бертон?","Кыӵе фильмъёсын Лиз Тейлор но Ричард Бертон чошен шудизы? ",
"Give me all Australian nonprofit organizations.","Назовите все некоммерческие организации Австралии.","Вералэ Австралиысь ваньзэ некоммерческой огазеяськонъёсты",
"Which pope succeeded John Paul II?","Какой папа стал преемником Иоанна Павла II?","Кыӵе папа луиз Ионн Павел II - лэн  бервылчиез?",
"Give me all ESA astronauts.","Перечислите всех космонавтов Европейского Космического Агенства.","  Вералэ Европейской Космической Агенствоысь ваньзэ космонавтъёсты",
"Who was president of Pakistan in 1978?","Кто был президентом Пакистана в 1978?","Кин вал Пакистанлэн валтись муртэз 1978 арын?",
"Who is the owner of Rolls-Royce?","Кто владедец Rolls-Royce?","Rolls-Royce- лэн кузёез",
"How many museums does Paris have?","Сколько музеев в Париже?","Кӧня Парижын музеёс?",
"Where was JFK assassinated?","Где был убит Джон Кеннеди?","Кытын виемын вал Джон Кеннеди?",
"Give me all federal chancellors of Germany.","Перечислите всех канцлеров Германии.","Нимаз вералэ  Германилэсь ваньзэ канцлеръёссэ",
"Show me everyone who was born on Halloween.","Покажите мне всех, кто был рожден в День всех святых.","Возьматэ мыным ваньзэсты, кин вордскиз Дун-чылкыт нуналэ",
"Which beer originated in Ireland?","Какое пиво было создано в Ирландии?","Кыӵе сур кылдытэмын вал Ирландиын?",
"To which countries does the Himalayan mountain system extend?","По каким странам протянулась горная система Гималаев?","Кыӵе кунъёсти кыстиськемын Гималай гурезьёслэн сознэтэз?",
"Which actors were born in Germany?","Какие актеры родились в Германии?","Кыӵе актеръёс  вордскизы Германиын?",
"How much carbs does peanut butter have?","Сколько углеводов содержится в арахисовом масле?","Кӧня углводъёсты возе арахисовой вой?",
"Who produced the most films?","Кто спродюсировал больше всего фильмов?","Кин тросгес продюсировать кариз фильмъёсты?",
"How many employees does Google have?","Сколько сотрудников работают в Гугл?","Кӧня ужасьёс ужало Гуглын?",
"Give me all actors who were born in Berlin.","Назови мне всех актеров родившихся в Берлине.","Вералэ ваньзэ актеръёсты, кудъёсыз вордскизы Берлинын?",
"Who created Goofy?","Кто создал Гуфи?","Кин кылдытиз Гуфиез?",
"Which music albums contain the song Last Christmas?","Какие музыкальные альбомы содержат песню ""Последние рождество""?","Кыӵе грезьгур альбомъёсын вань кырзан ""Берпумети Ымусьтон""?",
"When was Alberta admitted as province?","В каком году Альберта была признана провинцией?","Кыӵе арын Альбертаез провинциен лыдъяны кутскизы? ",
"How many missions does the Soyuz programme have?","Сколько миссий имела программа Союз?","Кӧня миссияез вал Союз программалэн?",
"Give me all the TV shows with Neil Patrick Harris.","Перечислите все ТВ шоу с Нилом Патриком Харрисом?"," Вералэ ваньзэ ТВ шоуосты Нил Патрик Харрисонэн",
"When were the Hells Angels founded?","Когда были основаны Hells Angels?","Ку кылдытэын вал Hells Angels?",
"What is the net income of Apple?","Какой чистый доход Эпл?","Кыӵе чылкыт доходэз Эпллэн? (Эпллэн чылкыт доходэз)",
"Give me all Swedish holidays.","Перечислите все шведские праздники?","Вералэ ваньзэ шведской шулдыръяськон нуналъёсты",
"In which city was the former Dutch queen Juliana buried?","В каком городе похоронена бывшая голландская королева Юлиана?","Кыӵе карын ватэмын голландской королева Юлиана?",
"List all the musicals with music by Leonard Bernstein.","Перечислите все мюзиклы Леонарда Бернстайна.","Вералэ  Леонард Бернстайнлэсь ваньзэ мюзикылъёссэ ",
"Give me all companies in the advertising industry.","Перечислите все компании в индустрии рекламы.","Ввералэ реклама индустрияысь ваньзэ компаниосты",
"What is the largest metropolitan area in Washington state?","Какой самый большой город в штате Вашингтон?"," Вашингтон  шаталэн тужгес но бадзымез кар",
"Who killed John Lennon?","Кто убил Джона Леннона?","Кин вииз Джон Леннонэз?",
"Which writers studied in Istanbul?","Кто из писателей учился в Стамбуле?","Гожъясьчиос полысь кин дышетскиз Стамбулын?",
"Give me all Australian metalcore bands.","Перечислите все австралийские металкор группы","Вералэ ваньзэ австралийской металлкор группаосты",
"Which countries adopted the Euro?","Какие страны приняли Евро","Кыӵе кунъёс принять каризы (басьтизы) ЕВРОез?",
"Give me all types of eating disorders.","Перечислите все виды пищевых расстройств","Нимаз вералэ сиен-юон сорон висёнъёсты",
"Was Marc Chagall a jew?","Марк Шагал был евреем","Марк Шагал еврей-а вал?",
"What was Brazil's lowest rank in the FIFA World Ranking?","Какое самое низкое место занимала Бразилия в мировом рейтинге ФИФА","Кыӵе тужгес но лапег инты басьтэ вал Бразилия ФИФА дунне рейтингын? ",
"How many films did Leonardo DiCaprio star in?","В скольких фильмах снялся Леонардо Ди Каприо","Кӧня фильмъёсын шудиз Леонардо ди Каприо?",
"Was Margaret Thatcher a chemist?","Маргарет Тэтчер была химиком","Вал-а Маргарет Тетчер химик?",
"Which U.S. states are in the same time zone as Utah?","Какие штаты США находятся в том же часовом поясе, что и Юта","СШАлэн Кыӵе штатъёсыз интыясько Ютаен одиг часовой поясын?",
"Give me all books written by Danielle Steel.","Перечислите все книги, написанные Даниэлой Стил","Вералэ ваньзэ книгаосты, кудъессэ гожтиз Даниэла Стил",
"Which country has the most official languages?","В какой стране больше всего официальных языков","Кыӵе кунлэн тужге но трос официальной калъёсыз? ",
"What is the total amount of men and women serving in the FDNY?","Сколько всего мужчин и женщин служит в FDNY?","Кӧня пиосмуртъес но кышномуртъёс ужало FDNYын?",
"Which actor played Chewbacca?","Кто играл роль Чубакки?","Кин шудиз Чубаккилэсь рользэ?",
"Give me all libraries established earlier than 1400.","Назовите библиотеки, основанные ранее 1400 года.","Вералэ библиотекаосты, кудъёсыз  кылдытэмын вал 1400 арлэсь азьлогес",
"Which programming languages were influenced by Perl?","На какие языки программирования повлиял Perl?","Кыӵе программирование кылъёс вылын Perl инъет луиз? ",
"In which U.S. state is Mount McKinley located?","В каком штата США находится гора Маккинли?","СШАлэн Кыӵе штатаз интыяськемын Маккинли гурезь?",
"What airlines are part of the SkyTeam alliance?","Какие авиакомпании входят в альянс ""SkyTeam""?","Кыӵе авиакомпанис пыро ""SkyTeam"" альянсэ?",
"Which ships were called after Benjamin Franklin?","Какие корабли были названы в честь Бенджамина Франклина?","Кыӵе корабыльёс нимамын вал Бенджамин Франклин силы?",
"Give me all Methodist politicians.","Назовите всех политиков, состоящих в Методистской церкви.","Вералэ ваньзэ удысчиосты, кудъесыз  пыро Методистской черке",
"What other books have been written by the author of The Fault in Our Stars?","Какие книги были написаны автором ""Виноваты звезды""?","Кыӵе книгаосты  гожтиз ""Янгышесь кизилиос"" книгалэн гожъясьчиез?",
"What is the highest mountain?","Какая гора является самой высокой?","Каче гурезь луэ тужгес но жужыт?",
"Which poet wrote the most books?","Какой поэт написал наибольшее количество книг?","Кыӵе кылбурчи гожтиз тужгес трос книга?",
"Which programming languages influenced Javascript?","Какие языки программирования оказали влияние на Javascript?","Кыӵе программирования кылъёс адзем каризы  Javascript вылэ?",
"Which musician wrote the most books?","Кто из музыкантов написал наибольшее количество книг?","Крезчиос полысь кудиз гожтиз тосгес книга?",
"Which films starring Clint Eastwood did he direct himself?","Какие фильмы с Клинтом Иствудом были сняты им самим?","Кыӵе фильмъёсты снять кариз ачиз Клинт Иствуд?",
"Which software has been developed by organizations founded in California?","Какое программное обеспечение была разработано компаниями, основанными в Калифорнии?","Кыӵе программной обеспечение лэсьтэмын  вал Калифорниысь компаниен?",
"Which instruments does Cat Stevens play?","На каких инструментах играл Кэт Стивенс?","Кыӵе инструментъёсын шудылиз Кэт Стивенс?",
"How many airlines are members of the Star Alliance?","Какое количество авиакомпаний являются членами Star Alliance?","Кӧня авиакомпаниос луо  Star Allianceлэн люкетъёсыз?",
"Give me all actors called Baldwin.","Перечислите всех актеров с фамилией Болдуин.","Нимаз вералэ вань актеръёсты Болдуин фамилиен",
"Who wrote The Hunger Games?","Кто написал книгу ""Голодные игры""?","Кин гожтиз ""Сютэм шудонъёс"" книгаез?",
"For which label did Elvis record his first album?","На каком лэйбле Элвис записал его первый альбом?","Кыӵе кырзанлэн нимысеныз Элвис гожтиз нырысети альбомзэ?",
"Is Christian Bale starring in Batman Begins?","Снимался ли Кристиан Бейл в ""Бэтмен начало""","Шудиз-а Кристиан Бейл ""Бэтмен кутсконэз"" киноын?",
"Where is the residence of the prime minister of Spain?","Где находится резиденция у премьер министра Испании?","Кытын интыяськемын Испаниысь премьер министырлэн ужан интыез?",
"Which actor was casted in the most movies?","Какой актер сыграл в большем количестве фильмах?","Кыӵе актёр шудиз трос фильмъёсын?",
"Which countries have more than two official languages?","В каких странах более двух официальных языков?","Кыӵе кунъёсын кыклэсь трос официальной кылъёсыз?",
"Which countries have more than ten caves?","В каких странах более десяти пещер?","Кыӵе кунъёсын  даслэсь трос гурезьгыркъёс?",
"Show me all songs from Bruce Springsteen released between 1980 and 1990.","Покажи мне все песни Брюса Спрингстина выпушенные с 1980 по 1990.","Воьматы мыным Брюс Спрингстинлэсь вань кырзанъёссэ, кудъёсыз поттэмын вал  1980-ти арысен 1990 арозь",
"Which television shows were created by John Cleese?","Какие телевизионные шоу были выпущены Джоном Клизом?","Кыӵе телевизионной шоуос поттэмын вал Джон Клизэн?",
"When did Latvia join the EU?","Когда Латвия присоединилась к ЕС?","Ку Латвия огазяеськиз ЕСэн?",
"Which soccer players were born on Malta?","Какие футбольные игроки были рождены на Мальте?","Кыӵе футболистъёс вордскизы Мальтаын?",
"How many politicians graduated from Columbia University?","Сколько политиков закончили Колумбийский университет?","Кӧня удысчиос быдэсизы Колумбийской университетэз?",
"Give me the birthdays of all actors of the television show Charmed.","Перечислите дни рождения актеров телевизионного шоу Зачарованные.","Вералэ Зачарованной телевизионной шоуысь актёръёслэсь вордскем нуналъёссэс? ",
"Which telecommunications organizations are located in Belgium?","Какие телекоммуникационные организации находятся в Бельгии?","Кыӵе телекоммуникационной огазеяськонъёс интыяськемын Бельгиын?",
"Give me a list of all lakes in Denmark.","Перечислите список всех озер Дании.","Вералэ  Данилэсь вань тыоссэ",
"How many children does Eddie Murphy have?","Сколько детей имеет Эдди Мерфи?","Кӧня нылпиосыз Эдди Мерфилэн?",
"Show me all English Gothic buildings in Kent.","Покажите все здания Кента в стиле английской готики.","Возьматэ Кентысь вань юртъёсты английской готика стилен",
"Who is the manager of Real Madrid?","Кто является менеджером Real Madrid?","Кин Real Madrid-лэн менеджерез луэ?",
"In which countries can you pay using the West African CFA franc?","В каких странах можно расплачиваться франком западноафриканской CFA?","Кыӵе кунъёсын тон быгатӥськод тырыны, лымшор африкаысь франк кутыса? ",
"Which holidays are celebrated around the world?","Какие праздники отмечают во всем мире?","Кыӵе шулдыръяськон нуналъёсты пусъё быдэс дунне вылын?",
"What is the longest river?","Самая длинная река?","Кыӵе шур тужгес кузь? ",
"Which organizations were founded in 1930?","Какие организации были основаны в 1930 году?","Кыӵе огазеяськонъёс кылдытэмын вал 1930 арын?",
"What is the birth name of Angela Merkel?","Какое имя при рождении было у Ангелы Меркель","Кыӵе нимыз вал Ангеле Маркельлэн вордскем дыръяз?",
"Who has Tom Cruise been married to?","На ком был женат Том Круз","Кин вылэ кышнояськемын вал Том Круз?",
"Which weapons did Heckler & Koch develop?","Какое оружие разработали Heckler & Koch?","Кыӵе пычал тирлык кылдытиз Heckler & Koch?",
"What is the smallest city by area in Germany?","Какой самый маленький по площади город в Германии","Германиысь тужгес но пичиез улосвылъя кар",
"What is the ruling party in Lisbon?","Какая правящая партия в Лиссабоне","Кыӵе партия Лиссабонын кивалтись луэ?",
"How heavy is Jupiter's lightest moon?","Сколько весит самый легкий спутник Юпитера","Кӧня кыске тужгес пичиез Юпитерлэн спутникез ?",
"How many employees does IBM have?","Сколько сотрудников у IBM","Кӧня ужасьёсыз  IBM-ын?",
"List all episodes of the first season of the HBO television series The Sopranos!","Перечислите все серии первого сезона телесериала HBO «Клан Сопрано»","Вералэ ваньзэ сериоссэ нырысети сезонысь ""Клан Сопрано""  телесериаллэсь НВО каналын",
"What does ICRO stand for?","Что означает ИОСП","Мар возьматэ ИОСП?",
"Does the new Battlestar Galactica series have more episodes than the old one?","В ремейке телесериала ""Звездный крейсер «Галактика»"" больше эпизодов, чем в старом сериале?","""Кизили крейсер Галактика"" выль серияз эпизодъёссыз тросгес-а? ",
"Give me all films produced by Hal Roach.","Назовите все фильмы, снятые Хэлом Роучем.","Вералэ ваньзэ фильмъёсты, кудъёссэ снять кариз Хэл Роуч",
"Who played Agent Smith in Matrix?","Кто играл роль Агента Смита в фильме ""Матрица""?","Кин шудиз ""Матрица"" фильмын Агент Смитлэсь рользэ",
"Which Greek parties are pro-European?","Какие из греческих партий являются про-европейскими?","Кудиз греческой партиос луо про-европеской?",
"Give me a list of all bandleaders that play trumpet.","Список всех дирижеров, которые играют на трубе.","Вералэ ваньзэ дирижёръёсты, кудъёсыз шудо гумыен",
"What is the second highest mountain on Earth?","Какая гора является второй по высоте на Земле?","Кыӵе гурезь луэ кыкетиез Музъем вылын жужытэзъя ","Кыӵе гурезь жужытэзъя луэ кыкетиез Музъем вылын?"
"Is Egypts largest city also its capital?","Крупнейший город Египта является его столицей?","Египетысь тужгес бадзымез кар  луэ-а шоркар?",
"Which rockets were launched from Baikonur?","Какие ракеты были запущены с Байконура?","Кыӵе ракетаос лэземын вал Байконурысен?",
"How many programming languages are there?","Сколько всего существует языков программирования?","Кӧня программирования кылъёс уло-выло?",
"Which Chess players died in the same place they were born in?","Кто из шахматистов умер там же, где родился?","Шахматистъёс полысь кин кулиз отын ик, кытын вордскиз? ",
"Who is the owner of Facebook?","Кто владелец Facebook?"," Facebookлэн кузёез?",
"Give me all movies with Tom Cruise.","Перечислите все фильмы с Томом Крузом.","Вералэ Том Крузэн фильмъёсты",
"In which U.S. state is Fort Knox located?","В каком штате США расположен Форт-Нокс?","СШАлэн кудаз штатаз интыяськемын Форт-Нокс",
"Give me all cities in New Jersey with more than 100000 inhabitants.","Перечислите все города Нью-Джерси с населением более 100000 человек.","Вералэ Нью-Джерсиысь вань каръёсты 100000 тросгес улисьёсын",
"Which mountains are higher than the Nanga Parbat?","Какие горы выше Нанга Парбат?","Кыӵе гурезьёс Нанга Парбатлэсь жужытэсьгес?",
"Give me all B-sides of the Ramones.","Назовите все обратные стороны альбомов группы Ramones.","Вералэ Ramones группалэсь аьбомзылэсь  ваньзэ мыддорин палъёссэ ",
"What are the specialities of the UNC Health Care?","Какие есть специальности UNC Health Care?","Кыӵе специалистъёс вань UNC Health Care?",
"When was Olof Palme shot?","Когда был застрелен Улоф Пальме?","Ку ыбэмын вал Уолф Пальме",
"List the seven kings of Rome.","Перечислите семь королей Рима.","Вералэ Римлэсь сизьым эксейёссэ",
"Give me all people that were born in Vienna and died in Berlin.","Перечислите всех людей, рожденных с Венне и умерших в Берлине.","Вералэ адямиосты, кудъёсыз вордскизы Венаын, нош кулизы Берлинын",
"Is Darth Vader Luke’s father?","Дарт Вейдер отец Люка?","Люклэн атаез Дарт Вейдер-а луэ?",
"Show me all the breweries in Australia.","Покажи мне все пивоварни в Австралии.","Возьмат мыным Австалиысь ваньзэ сурпозьтонниосты",
"Give me all films produced by Steven Spielberg with a budget of at least $80 million.","Назови мне все фильмы спродюсированные Стивеном Спилбергом с бюджетом не менее 80 миллионов долларов.","Вера мыным ваньзэ фильмъёсты, кудъёссэ спродюсировать кариз Стивен Спилберг  80 миллион  долларлэсь тросгес бюджетэн",
"Give me all soccer clubs in Spain.","Назови мне все футбольные клубы Испании.","Вера мыным Испаниысь ваньзэ футбольной клубъёсты",
"Who produced films starring Natalie Portman?","Кто продюсировал фильмы с участием Натали Портман?","Кин продюсировать кариз фильмъёсты Натали Портманэн ",
"Give me all breeds of the German Shepherd dog.","Назови мне все виды парод немецкой овчарки.","Вера мыным ваньзэ немецкой овчаркалэсь выжзэ",
"Who is the heaviest player of the Chicago Bulls?","Кто самый тяжелый игрок Чикаго Буллз?","Чикаго Буллз командаысь Тужгес но секытэз шудись?",
"Which languages are spoken in Estonia?","На каких языках говорят в Эстонии?","Кыӵе кылъёсын верасько Эстониын",
"What is the largest country in the world?","Какая самая большая страна в мире?","Тужгес но бадзымез кун дунне вылын",
"What is the largest city in america?","Какой самый большой город в Америке?","Кыӵе бадӟым кар Америкаысь? ",
"Who was the pope that founded the Vatican Television?","Какой папа римский основал телевидение Ватикана?","Кыӵе римской папа Ватиканын кылдытиз телевидение?",
"Who discovered Ceres?","Кто открыл Цереру?","Кин усьтиз Церераез?",
"Who is the king of the Netherlands?","Кто являесятся королем Голандии?","Кин луэ Голландилэн эксэез?",
"Is Cola a beverage?","Является ли Кола напитком?","Кола луэ-а  юон?",
"What is the alma mater of the chancellor of Germany Angela Merkel?","Какой университет является альма-матер канцелра Германии Ангелы Меркель?","Кыӵе университетын дышетскиз Германиысь канцлер Ангеле Меркель?",
"Who wrote the book Les Piliers de la terre?","Кто написал книгу Столпы Земли?","Кин гожтиз ""Столпы Земли"" книгаез?",
"Which airports does Yeti Airlines serve?","Какие аэропорты обслуживает Yeti Airlines?","Кыӵе аэропортъёсты Yeti Airlines обслуживать каре?",
"Where is the birthplace of Goethe?","Место рождения Гете?","Гётэлэн вордскем интыез?",
"Was the Cuban Missile Crisis earlier than the Bay of Pigs Invasion?","Был ли кубинский кризис раньше, чем операция в бухте Кочинос?","Вал-а кубинской кризис азьлогес Кочинос бухтаын операцилэсь?",
"Which ingredients do I need for carrot cake?","Какие ингридиенты нужны для морковного торта?","Кыӵе ингредиентъёс кулэ кешир торт пыжыны?",
"Who created Wikipedia?","Кто создал Википедию?","Кин кылдытиз Википедиез?","Кин кылдытиз Википедия энциклопедиез?"
"What is the highest mountain in Saxony Germany?","Какая самая высокая гора в федеральной земле Саксония","Кыӵе федерал Саксония музъемысь самой жужыт гурезь?",
"Who is the current federal minister of finance in Germany?","Кто в настоящее время является федеральным министром финансов в Германии","Кин али дырлы федерал возьматэм ужпумъесъя министр Германиын?",
"In which country is Mecca located?","В какой стране находится Мекка","Кыӵе шаерын интыяськемын Мекка кар?",
"Who played Gus Fring in Breaking Bad?","Кто играл персонажа Гаса Фринга в сериале ""Во все тяжкие""","Кин шудиз Гаса Фринга персонажез  ""Во все тяжкие "" сериалын?",
"In which country does the Nile start?","В какой стране начинается Нил","Кыӵе шаерын кутске Нил шур?",
"In which state Penn State University is located?","В каком штате находится университет Пенн Стейт","Кыӵе штатын интыяськемын Пенн Стейт универсистет?",
"What is the biggest stadium in Spain?","Какой самый большой стадион в Испании","Кыӵе самой бадзымез Испаниысь стадион?",
"Who is the coach of Ankara's ice hockey team?","Кто тренер хоккейной команды Анкары","Кин тренерез Анкараысь хоккейной командалэн ?",
"How large is the area of UK?","Какова площадь Великобритании","Кыӵе Великобританилэн площадез?",
"Who created Batman?","Кто создал Бэтмена","Кин кылдытиз Бэтмен персонажез?",
"Was Sigmund Freud married?","Зигмунд Фрейд был женат?","Вал-а кузпалъяськемын Зигмунд Фрейд?",
"Who are the developers of DBpedia?","Кто разработчик DBpedia?","Кин  DBpediа проектлэн кылдытисез ?",
"Give me all movies directed by Francis Ford Coppola.","Назовите все фильмы, режиссер которых Фрэнсис Форд Коппола.","Нималэ вань фильмъесты, кытын Фрэнсис Форд Коппола луэ режиссер?",
"Are tree frogs a type of amphibian?","Древесные лягушки - это разновидность земноводных?","Писпулэсь эбек - со луэ-а земноводнойеслэн разновидностьсы?",
"What is the location of the Houses of Parliament?","Где находятся палаты Парламента?","Кытын интыяськемын Парламентлэн палатаосыз?",
"how much is the elevation of Düsseldorf Airport ?","Какая высота у аэропорта Дюссельдорфа?","Кыӵе жужытэз Дюссельдорф аэропортлэн?",
"How much is the population of mexico city ?","Какова численность населения Мехико?","Кӧня адями улэ Мехикоын?",
"when was the founding date of french fifth republic?","Дата основания пятой французской республики?","Кылдытон дырыз витети французской республикалэн?",
"Who was the first King of England?","Кто был первым королем Англии?","Кин вал нырысети кивалтисез  Англилэн?",
"Who is the editor of Forbes?","Кто является редактором Forbes?","Кин луэ Forbes финансово - экономической журналлэн  редакторез?",
"Which awards did Douglas Hofstadter win?","Какие награды получил Дуглас Хофштадтер?","Кыӵе кузьым басьтиз Дуглас Хофштадтер?",
"Who is the youngest Darts player?","Кто является самым молодым игроком в дартс?","Кин луэ тужгес но егитэз дартсэн шудись?",
"Is horse racing a sport?","Являются ли лошадиные скачки спортом?","Луэ-а вераны валэн тэкчан спорт шуыса?",
"Which river does the Brooklyn Bridge cross?","Какую реку пересекает Бруклинский Мост?","Кыӵе шур вамен ортче Бруклинской Выж?",
"How many people live in Poland?","Какова численность Польши?","Кӧня калык улэ Польшаын?",
"When was the last episode of the TV series Friends aired?","Когда вышла в эфир последняя серия сериала «Друзья»?","Ку эфире потиз берпуметиез ""Эшъес"" сериалысь серия?",
"Is the wife of president Obama called Michelle?","Зовут ли жену президента Обама Мишель?","Зэм-а Обамалэсь кышноезлэн нимыз Мишель?",
"Who is 8th president of US?","Кто был 8-м президентом США?","Кин вал 8-ез президент СШАын?",
"how much is the total population of european union?","Какова численность населения Европейского Союза?","Кӧня калык улэ Европейской Союзын?",
"Give me all launch pads operated by NASA.","Перечислите все стартовые площадки NASA?","Вералэ  NASAлэсь вань стартовой площадкаоссэ?",
"Who developed the video game World of Warcraft?","Кто разработал игру «Мир военного ремесла»?","Кин кылдытиз ""Мир военного ремесла "" шудон?",
"What is the birth name of Adele?","Какое имя дали при рождении Адель?","Кыӵе ним понизы вордскем бераз Адельлы?",
"What is the population of Cairo?","Какой размер населения в Каире?","Кӧня калык улэ Каирын?",
"Is Frank Herbert still alive?","Жив ли до сих пор Фрэнк Герберт?","Фрэнк Герберт али но улэп-а? ",
"What is the last work of Dan Brown?","Какое последние произведение Дэна Брауна?","Кыӵе берпумети произведениез Дэн Браунлэн?",
"Where is Sungkyunkwan University?","Где находится университет Сонгюнгван?","Кытын интыяськемын Сонгюнгван университет? ",
"Who is the author of the interpretation of dreams?","Кто автор ""Толкование сновидений""?","Кин гожтиз ""Толкование сновидений?""",
"When was the death of Shakespeare?","Когда умер Шекспир?","Ку кулиз Шекспир?",
"Who developed Slack?","Кто создал Слак?","Кин кылдытиз Слак мессенджерез?",
"Where is the origin of Carolina reaper?","Где появился Каролинский жнец?","Кытын поттизы  Каролинской жнец сортэз?",
"In which year was Rachel Stevens born?","В каком году родился Рэйчел Стивенс?","Кыӵе арын вордскиз Рэйчал Стивенс?",
"How often did Jane Fonda marry?","Сколько раз Джейн Фонда выходила замуж?","Кӧня пол кузпалъяськылиз  Джейн Фонда ?",
"Was the wife of president Lincoln called Mary?","Звалили жену президента Линкольна Мерри?","Президент Линкольлэн кышноезлэн нимыз  Меркель вал?",
"Which cities does the Weser flow through?","Через какие города протекает река Weser?","Кыӵе каръес  пыр ортче  Везер шур?",
"In which programming language is GIMP written?","На каком языке программирования написан GIMP?","Кыӵе программирование кылын гожтэмын GIMP?",
"Which university did Angela Merkel attend?","Какие университеты посетила Ангела Меркель?","Кыӵе университетъести ветлиз Ангела Меркель?",
"List all the musicals with music by Elton John.","Перечислите все мюзиклы с музыкой Этона Джона.","Вералэ вань мюзиклъесты Энтон Джонлэн кырзанъесыныз?",
"How many Aldi stores are there?","Сколько магазинов Алди?","Кӧня Алди магазинъес?",
"What is the longest river in the world?","Какая река является самой длинной в мире?","Кыӵе шур дунне вылын самой кузез?",
"When was John Adams born?","Когда родился Джон Адамс?","Ку вордскиз Джон Адамс?",
"Which companies produce hovercrafts?","Какие компании производят суда на воздушной подушке","Кыӵе компаниос потто ховеркрафтъёс?",
"Who was the wife of U.S. president Lincoln?","Как звали жену президента США Линкольна","Кызьы нимыз кышноезлэн вал СШАысь Линкольн президентлэн?",
"Which species does an elephant belong?","К какому биологическому виду принадлежат слоны","Кыӵе биологической видлы принадлежать каро слонъёс? ",
"How many people live in the capital of Australia?","Сколько людей живет в столице Австралии","Кӧня калык улэ Австралиысь шоркараз?",
"In which ancient empire could you pay with cocoa beans?","В какой древней империи можно было расплачиваться какао-бобами","Кыӵе вашкала кунын пунэмзэ берыктылизы како-кожыен?",
"How many theories did Albert Einstein come up with?","Сколько теорий придумал Альберт Эйнштейн","Кӧня теориосты малпаз Альберт Эйнштэйн?",
"Who composed the soundtrack for Cameron's Titanic?","Кто сочинил саундтрек к фильму ""Титаник"" режиссера Кэмерона","Кин кылдытиз саундтрек Кэмерон режиссерлэн ""Титаник"" фильмаз?",
"Give me the runtime of Toy Story.","Сколько длятся суммарно мультфильмы ""История игрушек""","Кӧня дыр мыно ""История игрушек"" мультфильмъес?",
"With how many countries Iran has borders?","Со сколькими странами граничит Иран","Кӧня кунъёсын  граничить каре Иран?",
"Which electronics companies were founded in Beijing?","Какие компании по производству электроники были основаны в Пекине","Кыӵе компаниос электроника потонъя кылдытэмын вал Пекинын?",
"Who was the successor of John F. Kennedy?","Кто преемник Джона Кеннеди?","Кин Джон Кеннедилэн бервылчиез?",
"Who is the mayor of Paris?","Кто мэр Парижа?","Кин Парижлэн кивалтисез?",
"Did Arnold Schwarzenegger attend a university?","Арнольд Шварцнеггер учился в университете?","Дышетскиз-а университетын Арнольд Шварцнеггер?",
"Is James Bond married?","Женат ли Джеймс Бонд?","Кышнояськемын -а Джеймс Бонд?",
"Does the Isar flow into a lake?","Изар впадает в озеро?","Изар шур усе-а  тыэ?",
"Which Indian company has the most employees?","В какой индийской компании наибольшее количество сотрудников?","Кыӵе индийской  компаниын тросгес калык ужа?",
"Who was John F. Kennedy's vice president?","Кто был вице-президентом Джона Кеннеди?","Кин вал Джон Кеннедилэн вице-президентэз?",
"Which country does the creator of Miffy come from?","Из какой страны автор ""Miffy""?","Кыӵе шаерысь  ""Miffy"" мультфильмлэн  авторез?",
"In what city is the Heineken brewery?","В каком городе находится пивоварня Heineken?","Кыӵе карын интыяськемын Heineken пивоварня?",
"Is Barack Obama a democrat?","Барак Обама - демократ?","Барак Обама луэ-а демократ?",
"List the children of Margaret Thatcher.","Перечислите детей Маргарет Тетчер.","Вералэ Маргарет Тетчерлэсь вань пиналъессэ?",
"From which region is the Melon de Bourgogne?","Из какой области сорт виноград Melon de Bourgogne?","Кыӵе областьысь Melon de Bourgogne виноградлэн сортэз?",
"how big is the total area of North Rhine- Westphalia?","Какова общая площадь области Северный Рейн - Вестфалия?","Кыӵе огъя площадез Северной Рейн-Вестфалия ёрослэн?",
"Which city has the most inhabitants?","Какой город самый многонаселенный?","Кыӵе карын тросгес калык улэ?",
"What is Donald Trump's main business?","Какое направление бизнеса является главным для Дональда Трампа?",,
"When will start the final match of the football world cup 2018?","Когда начнется финальный матч чемпионата мира по футболу 2018?","Ку кутскоз дуннелэн футболъя финальной матчез 2018 арын?",
"Which films did Stanley Kubrick direct?","Какие фильмы срежессировал Стенли Кубрик?","Кыӵе фильмъесты срежиссировать кариз  Стенли Кубрик?",
"how much is the population Iraq?","Какова численность населения Ирака?","Кыӵе численностез Иракысь улисьеслэн?",
"How many inhabitants does the largest city in Canada have?","Какова численность населения крупнейшего города Канады?","Кӧня калык улэ Канадаысь тужгес но зэказ карын?",
"Who is the mayor of the capital of French Polynesia?","Кто является мэром столицы Французской Полинезии?","Кин луэ мэрез Французской Полинэзия шаерын?",
"Give me all actors starring in movies directed by William Shatner.","Назови мне всех актеров, которые снимались в фильмах cпродюсированных Уильямом Шетнером?","Вералэ мыным вань актеръесты, кудъёсыз шудизы Уильям Шетнерен спродюсированной фильмъёсаз",
"How tall is Claudia Schiffer?","Какой рост у Клаудии Шиффер?","Кыӵе кузьдалаез Клаудия Шифферлэн?",
"how much is the population densty rank of germany?","Какое место занимает Германия по плотности населения?","Кыӵе инты басьтэ Германия калык наплыкезъя?",
"What is the highest mountain in Italy?","Какая самая высокая гора в Италии?","Кыӵе  Италиысь гурезь самой жужытэз?",
"List all games by GMT.","Назови все игры студии GMT.","Вера вань  GMT студиысь шудонъесты?",
"What is the official language of Suriname?","Какой официальный язык в Суринам?","Кыӵе  Суринамын официальной кылэз?",
"In which city did Nikos Kazantzakis die?","В каком городе умер Никос Казандзакис?","Кыӵе карын кулиз Никос Казандзакис?",
"What is in a chocolate chip cookie?","Какой состав шоколадного печенья?","Кыӵе составез шоколадысь  печеньялэн?",
"In which country is the Limerick Lake?","В какой стране находится озеро Лимерик?","Кыӵе шаерын интыяськемын Лимерик ты?",
"Give me all video games published by Mean Hamster Software.","Назови мне все игры опубликованные Mean Hamster Software.","Вера мыным вань шудонъесты Mean Hamster Softwareн журналын поттэмъесты?",
"Give me all members of Prodigy.","Перечислите всех участников Prodigy.","Вералэ вань Prodigy группае пыриськисьесты.",
"In which time zone is Rome?","В каком часовом поясе Рим?","Кыӵе часовой поясын интыяськемын Рим?",
"How high is the lighthouse in Colombo?","Какова высота маяка в Коломбо?","Кыӵе жуждалаез Коломбоысь маяклэн?",
"Who are the writers of the Wall album of Pink Floyd?","Кто является авторами альбома Wall группы Pink Floyd?","Кин луэ автор Pink Floyd группалэн Wal альбомлэн ?",
"Who is the mayor of Rotterdam?","Кто является мэром Роттердама?","Кин луэ Роттердамлэн валтись ?",
"What is the largest city in Australia?","Какой город Автралии является крупнейшим?","Кыӵе Австралиысь кар луэ тужгес но зэкез?",
"Who was married to president Chirac?","На ком был женат президент Ширак?","Кинэн кузпалъяськемын вал президент Ширак?",
"What form of government is found in South Africa?","Какая формы правления существуют в Южной Африке?","Кыӵе форма правления луэ Эжной Африкаын?",
"How high is the Yokohama Marine Tower?","Какая высота Марин-тауэр в Иокагаме?","Кыӵе жуждалаез Марин-тауэрлэн Иокагамын?",
"Which holidays are celebrated around the world?","Какие праздники отмечают во всем мире?","Кыӵе праздникъесты пусъе быдэс дуннеын?",
"Who is the tallest basketball player?","Кто самый высокий баскетболист","Кин самой жужытэз баскетболист?",
"How many languages are spoken in Turkmenistan?","На скольких языках говорят в Туркменистане","Кӧня кылын верасько Туркменистанын?",
"Did Che Guevara have children?","Есть ли у Че Гевары дети","Вань-а Че Геваралэн нылпиосыз?",
"Did Kaurismäki ever win the Grand Prix at Cannes?","Выигрывал ли Каурисмяки Гран-при Каннского фестиваля","Басьялляз-а Каурисмяки Гран-приез  Каннской фестивальысь?",
"To which party does the mayor of Paris belong?","В какой партии состоит мэр Парижа","Кыӵе партиын сылэ Парижысь мэр? (торо, кивалтись?)",
"Who is the Formula 1 race driver with the most races?","У какого гонщика Формулы-1 больше всего заездов","Кыӵе Формула-1ысь гонщиклэн тросгес пыриськонэз луэ?",
"What country is Sitecore from?","В какой стране основан Sitecore","Кыӵе шаерын кылдытэмын вал Sitecore?",
"Give me the birth place of Frank Sinatra.","Где родился Фрэнк Синатра","Кытын вордскиз Фрэнк Синатра?",
"Is Christian Bale starring in Velvet Goldmine?","Кристиан Бейл снимался в фильме ""Бархатная золотая жила""","Пыриськылиз-а Кристиан Бэйл ""Бархатная золотая жила"" фильме?",
"Who is the son of Sonny and Cher?","Кто сын Сонни и Шер","Кин пиез Сонни но Шер поп-рок  дуэтлэн ?",
"How many ethnic groups live in Slovenia?","Сколько в Словении проживает этнических групп?","Кӧня уло Словениын этнической группаос?",
"What is the capital of Cameroon?","Столица Камеруна?","Камеруналэн столицаез?",
"Was Natalie Portman born in the United States?","Натали Портман родилась в США?","Натали Портман вордскиз СШАын?",
"How many pages does War and Peace have?","Сколько страниц в книге ""Война и мир""?","Кӧня  ""Война и мир"" книгалэн бамез?",
"Who is the oldest child of Meryl Streep?","Кто старший ребенок Мерил Стрип?","Кин  Мерил Стриплэн зэкез нылпиез луэ?",
"Which television shows were created by Walt Disney?","Автором каких телевизионных шоу является Уолт Дисней?","Кыӵе телевизионной шоуэсъеслэн Уолт Дисней луэ авторез?",
"What does IYCM stand for?","Что означает аббревиатура ""IYCM""?","Мае возьматэ ""IYCM"" аббревиатура?",
"Which types of grapes grow in Oregon?","Какие сорта винограда растут в Орегоне?","Кыӵе виноградлэн сортъесыз будо Оригонаын?",
"Was U.S. president Jackson involved in a war?","Президент США Джексон участвовал в войне?","СШАысь президент Джексон  пыриськылиз -а оже?",
"When was the Titanic completed?","Когда было закончено создание ""Титаника""?","Ку вал быдэстэмын ""Титаник"" фильмез гожтон?",
"Did Tesla win a nobel prize in physics?","Получал ли Тесла Нобелевсую премию по физике?","Басьтылиз-а Тесла физикаен Нобелевской премиез?",
"How many states are in Mexico?","Сколько штатов в Мексике?","Кӧня Мексикаын штатез?",
"Which scientist is known for the Manhattan Project and the Nobel Peace Prize?","Какой ученый известен как участник Манхэттенского проекта и обладатель Нобелевской премией мира?","Кыӵе тодосчи тодмо Манхэттенской проектын пыриськисез, но дуннелэн Нобелевской премияез обладатель шуса? ",
"How much did the Lego Movie cost?","Сколько стоил фильм ""Лего""?","Кӧня дуныз ""Лего"" фильмлэн?",
"Who composed the music for Harold and Maude?","Кто написал музыку для Гарольда и Мод?","Кин гожтиз Гарольд но Мод драмалы кырзан?",
"List all episodes of the first season of the HBO television series The Sopranos.","Перечислите все эпизоды первого сезона сериала Клан Сопрано от HBO.","Вералэ вань эпизодъёсты нырысети сезонысь  Клан Сопрано от HBO сериалысь",
"Which city has the least inhabitants?","В каком городе наименьшее число жителей?","Кыӵе карын самой ичи калык улэ?",
"Where is Syngman Rhee buried?","Где похоронен Сингман Ри?","Кытын ватэмын Сингман Ри?",
"Does Neymar play for Real Madrid?","Играл ли Неймар за Real Madrid?","Шудылиз-а Неймар  Real Madrid футбольной клуб понна?",
"Who wrote the book The Pillars of the Earth?","Кто написал книгу Столпы Земли?","Кин гожтиз Столпы Земли книгаез?",
"Do Prince Harry and Prince William have the same parents?","У принца Гарри и Вильяма одни и те же родители?","Гарри но Вильям принцъеслэн огкадь-а мумыбубыоссы?",
"Who was the doctoral supervisor of Albert Einstein?","Кто был научным руководителем Альберта Эйнштейна?","Кин вал Альберт Эйнштэйлэн  наукая  кивалтисез?",
"Does Breaking Bad have more episodes than Game of Thrones?","У ""Во все тяжкие"" больше эпизодов чем у ""Игры пристолов""?","""Во все тяжкие"" фильмын эпизодъёсыз тросгес ""Игра престолов"" фильмлэсь?",
"Who was Vincent van Gogh inspired by?","Кем вдохновлялся Винсент ван Гог?","Кин вылэ учкыса бурдъяськылиз Винсент ван Гог?",
"Which building after the Burj Khalifa has the most floors?","Какое здание имеет болше всего этажей после Бурдж-Халифа?","Кыӵе зданилэн тужгэс но трос этажъесыз Бурдж-Халиф бере?",
"What was the final result of the War of the Roses?","Какой финал у война алой и белой розы?","Кыӵе финалэз тодьы но алой роза ожгарлэн?",
"How much did Pulp Fiction cost?","Сколько стоит ""Криминальное чтиво""?","Кӧня дуныз ""Криминальное чтиво""  кинофильмлэн?",
"Is proinsulin a protein?","Проинсулин это протеин?","Проинсулин протеин-а со?",
"Do Urdu and Persian have a common root?","У урду и персидского языков общие корни?","Урду но перси кылъеслэн вань-а огъя выжыосыз?",
"Who is starring in Spanish movies produced by Benicio del Toro?","Кто снимался в испанских фильмах cпродюсированных Бенисио дель Торо?","Кин шудиз испанской фильмъесын, кудъёссэ спродюссировать кариз Бенисио дель Торо?",
"Is Lake Baikal bigger than the Great Bear Lake?","Больше ли Байкал Великого Медвежьего озера?","Луэ-а Байкал ты зэкгес Бадзым Гондыр тылэсь?",
"Show me all books in Asimov's Foundation series.","Перечислите все книги в серии Азимова Основание?","Вералэ вань книгаосты Азимова Основание серииысь?",
"Where was Bach born?","Где родился Бах?","Кытын вордскиз Бах?",
"Which city has the oldest running metro?","В каком городе самое старое действующее метро?","Кыӵе карын интыяськемын самой вужез али но ужась метро?",
"Who designed the Brooklyn Bridge?","Когда спроектировал Бруклинский мост?","Ку спроектировать каремын Бруклинской выж?",
"How many people live in Eurasia?","Численность населения Евразии?","Кӧня калык улэ Евразиын?",
"Who is the host of the BBC Wildlife Specials?","Кто является ведущим передачи BBC Wildlife Specials?","Кин луэ нуись BBC Wildlife Specials программаез?",
"What is the total population of Melbourne, Florida?","Какова численность населения Мельбурна, штат Флорида?","Мельбурнлэн, Флорида штатаз, Кӧня населениез лыдъяське?",
"What country is Mount Everest in?","В какой стране Эверест?","Кыӵе кунын  Эверест гурезь интыяськемын?",
"To which artistic movement did the painter of The Three Dancers belong?","К какому художественному направлению принадлежит автор Трех танцовщиц?","Кыӵе художественной направленилы принадлежать каре автор ""Куинь эктисьёс""?",
"When did Operation Overlord commence?","Когда началась Нормандская операция","Ку кутскиз Нормандской операция?",
"What is the bridge with the longest span?","У какого моста самый длинный пролет","Кыӵе выжлэн тужгес но кузь пролетэз?",
"Is there a video game called Battle Chess?","Есть ли видеоигра под названием Battle Chess","Вань-а Battle Chess  нимын видеоигра?",
"Who was buried in the Great Pyramid of Giza?","Кто был похоронен в Великой пирамиде Гизы","Кин ватэмын вал Бадзым Гизы пирамидаын?",
"Does the Ford Motor Company have a manufacturing plant in Malaysia?","Есть ли у компании Форд завод в Малайзии","Вань-а Форд компанилэн Малайзиын заводэз?",
"Did Socrates influence Aristotle?","Влиял ли Сократ на Аристотеля","Вал-а Сократлэн Аристотель вылэ влияниез?",
"How many children did Benjamin Franklin have?","Сколько детей было у Бенджамина Франклина","Кӧня пиналъсыз вал Бенджамин Франклинлэн?",
"How tall is Michael Jordan?","Какого роста Майкл Джордан","Кыӵе жуждалаез Майкл Джорданлэн?",
"In which UK city are the headquarters of the MI6?","В каком городе Великобритании находится штаб-квартира МИ-6","Великобританиысь Кыӵе городын интыяськемын МИ-6лэн штаб-квартираез?",
"Who created Family Guy?","Кто создал Гриффинов","Кин кылдытиз Гриффинэз ?",
"In which city does the Chile Route 68 end?","В каком штате заканчивается Чилийская дорога 68?","Кыӵе штатын быре Чилийской 68 сюрес ?",
"Give me the grandchildren of Elvis Presley.","Назовите внуков Элвиса Пресли.","Вералэ Элвис Преслилэсь вань вынъессэ?",
"When did the Ming dynasty dissolve?","Когда произошел распад династии Мин?","Ку куашказ Мин династия?",
"In which military conflicts did Lawrence of Arabia participate?","В каких военных конфликтах участвовал Лоуренс Аравийский?","Кыӵе ож конфликтъесы пыриськиз Лоуренс Аравийской?",
"What is the timezone in San Pedro de Atacama?","В каком часовом поясе находится Сан-Педро-де-Атакама?","Кыӵе часовой поясын интыяськемын Сан-Педро-де-Атакама?",
"Give me all books by William Goldman with more than 300 pages.","Назовите все книги Уильяма Голдмана, в которых более 300 страниц.","Вералэ вань книгаоссэ Ульям Голдманлэсь, кудъесаз 300 (куинь сюлэсь) тросгес бамъсыз.",
"What did Bruce Carver die from?","Причина смерти Брюса Карвера?","Кыӵе муген кулиз Брюс Карвер?",
"Which subsidiary of Lufthansa serves both Dortmund and Berlin Tegel?","Какая из дочерних компаний Lufthansa обслуживает одновременно Дортмунд и Берлин-Тегель?","Кудиз дочерний компания Lufthansa полысь одиг дыре обслуживать каре Дортмунд и Берлин-Тегель?",
"Does Abraham Lincoln's death place have a website?","Есть ли веб-сайт у места смерти Авраама Линкольна?","Вань-а веб-сайтэз Авраам Линкольлэн кулон интыяз?",
"Did Elvis Presley have children?","У Элвиса Пресли были дети?","Элвис Преслилэн вал-а пиналъесыз?",
"Is Michelle Obama the wife of Barack Obama?","Является ли Мишель Обама женой Барака Обамы?","Луэ-а Мишель Обама Барака Обамалэн кышноез?",
"In which city does Sylvester Stallone live?","В каком городе живет Сильвестр Сталлоне?","Кыӵе карын улэ Сильвестр Сталлоне?",
"Which books by Kerouac were published by Viking Press?","Какие книги Керуака были опубликованы в Viking Press?","Кыӵе Керуакалэн книгаосыз Viking Press-аын потэмын вал?",
"Who wrote the song Hotel California?","Кто написал песню Отель Калифорния?","Кин гожтиз кырзан Отель Калифорния?",
"What is the capital of Canada?","Столица Канады?","Канадалэн шоркарез?",
"Who is the mayor of Tel Aviv?","Кто является мэром Тель-Авива?","Кин луэ кивалтись Тель-Авивын?",
"What form of government does Russia have?","Какая политическая система в России?","Кыӵе политической системаез Россияын?",
"Show me the book that Muhammad Ali wrote.","Покажите мне книгу, которую написал Мухаммед Али.","Возьматэ мыным книгаез, кудзэ гожтиз Мухаммед Али",
"Who was the first to climb Mount Everest?","Кто первый покорил Эверест?","Кин нырысьсэ вормиз Эверест гурэзез? ",
"How many languages are spoken in Colombia?","На сколких языках говорят в Колумбии?","Кӧня кылын верасько Колумбиын? ",
"What is the currency of the Czech Republic?","Какая вылюта у Чешской республики?","Кыӵе Чех элькнлэн вылютаез? ",
"Where in France is sparkling wine produced?","Где во Франции производят игристое вино?","Франциысь Кыӵе интыяз игристой вина потто?",
"When did Boris Becker end his active career?","Когда закончил активную карьеру Борис Беккер?","Ку Борис Беккер йылпумъяз карьеразэ? ",
"Which movies starring Mickey Rourke were directed by Guy Ritchie?","Какой фильм с участием Микки Рурка был снят Гаем Ричи?","Кыӵе кино снять кариз Гай Ричи Микки Рурк актерен?",
"In which films did Julia Roberts as well as Richard Gere play?","В каких фильмах сыграли Джулия Робертс и Ричард Гир?","Кыӵе киноын шудизы Джулия Робертс но Ричард Гир? ",
"Show me Hemingway's autobiography.","Покажи мне автобиографию Хемингуэйя.","Возьмат мыным Хемингуэйлэсь автобиографизэ.",
"How tall is Amazon Eve?","Какой рост у Амазон Ив?","Кыӵе жуждалаез Амазон Ивлэн?",
"What are the five boroughs of New York?","Как называются пять районов Нью-Йорка?","Кызьы нимасько Нью-Йорклэн вить ёросъёсыз?",
"Give me all Canadian Grunge record labels.","Назови мне все канадские звукозаписывающие компании в стиле гранж.","Вера мыным Канадаысь гранж стилен звукозаписья компаниосты.",
"In which country does the Ganges start?","В какой стране начинается Ганг?","Кыӵе кунын Ганг шур кутске? ",
"Who is the founder of Penguin Books?","Кто является основателем Penguin Books?","Кин Penguin Books издательсьволэн кылдытисез? ",
"Who wrote the Game of Thrones theme?","Кто сочинил главную музыкальную тему Игры Престолов?","Кин гожтиз ""Игра перстолов"" киноысь валтись крезьгур темаез?  ",
"Who is the president of Eritrea?","Кто президент Эритреи?","Кин валтись муртэз Эритрея кунлэн? ",
"In which city did John F. Kennedy die?","В каком городе умер Джон Кеннеди?","Кыӵе карын кулиз Джон Кеннеди?",
"What is the highest mountain in Australia?","Самая высокая гора Автралии?","Австралиысь тужгес но жужытэз гурезь?",
"Who writes the Farmers' Almanac?","Кто является автором Альманаха фермеров?","Кин луэ авторез  ""Альманах фермеров"" изданилэн?",
"Give me the currency of China.","Валюта Китая?","Китай валюта?",
"Give me all Swedish oceanographers.","Перечислите всех шведских океанографов?","Вералэ ваньзэ швед океанографъёсты.",
"In which city are the headquarters of the United Nations?","В каком городе находится штаб-квартира ООН?","Кыӵе городын интыяськемын ООНлэн штаб-квартираез?",
"Is Rita Wilson the wife of Tom Hanks?","Является ли Рита Уилсон - жена Тома Хэнкса?","Рита Уилсон луэ-а Том Хэнкслэн кышноез? ",
"In which countries do people speak Japanese?","В каких странах говорят по-японски","Кыӵе кунъёсын верасько япон кылын? ",
"Which of Tim Burton's films had the highest budget?","Какой фильм Тима Бертона имел самый высокий бюджет","Тим Бертонлэн Кыӵе киноезлэн тужгес но бадзым бюджетэз?",
"Which museum in New York has the most visitors?","В каком музее Нью-Йорка больше всего посетителей","Нью-Йоркысь Кыӵе музейлэн тужгес но трос учкисьёсыз? ",
"What was the first Queen album?","Как называется первый альбом группы Queen","Кызьы нимаське Queen группалэн  нырысети альбомез? ",
"What was the first name of the band Queens of the Stone Age?","Каким было первое название группы Queens of the Stone Age","Кыӵе вал нырысети нимыз  Queens of the Stone Age группалэн?  ",
"What was the last movie with Alec Guinness?","Какой был последний фильм с Алеком Гиннесом","Кыӵе вал Алекс Гиннеслэн берпумети киноез?  ",
"Give me all actors starring in Last Action Hero.","Перечислите всех актеров фильма ""Последний киногерой""","Нималэ вань актеръёсты ""Последний киногерой"" киноысь. ",
"Who discovered Pluto?","Кто открыл Плутон","Кин усьтиз Плутонэз? ",
"What is the time zone of Salt Lake City?","Какой часовой пояс в Солт-Лейк-Сити","Солт-Лейк-Сити кар Кыӵе часовой поясын? ",
"Who killed Caesar?","Кто убил Цезаря","Кин вииз Цезарез? ",
"What is the highest mountain in Germany?","Самая высокая гора в Германии?","Германиысь жужытэз гурезь? ",
"Which American presidents were in office during the Vietnam War?","Американский президент, который был во время войны во Вьетнаме?","Америкалэн валтись мурэз, кудиз ож дыръя Вьетнамын вал?  ",
"Butch Otter is the governor of which U.S. state?","Губернатором какого штата является Бутч Оттер?","Бутч Оттер Кыӵе ёрослэн валтись муртэз луэ? ",
"How many gold medals did Michael Phelps win at the 2008 Olympics?","Сколько золотых медалей выиграл Михаэль Фелпс на Олимпийских играх в 2008 году?","Кӧня зарни медаль утиз Михаэль Фелпс 2008 арын Олимпи шудонъёсын? ",
"Which artists were born on the same date as Rachel Stevens?","Какие актеры родились в тоже день с Рэйчел Стивенс?","Кыӵе актёръёс вордскизы Рэйчел Стивенсэн одиг нуналэ? ",
"What is the profession of Frank Herbert?","Професия Френка Герберта?"," Френк Гербертлэн профессиез?  ",
"Are Taiko some kind of Japanese musical instrument?","Является ли Тайко японским музыкальным инструментом?","Тайко луэ-а япон крезьгур инструмент? ",
"How many seats does the home stadium of FC Porto have?","Сколько мест на домашенм стадионе футбольного клуба Порту?","""Порту"" футбол клублэн стадионаз  Кӧня интыез?  ",
"Which frequent flyer program has the most airlines?","В какой программе для часто летающих пасажиров больше всего авиакомпаний?","Кыӵе программаын чем лобась пассажиръёслы тужгес но трос авиакомпаниос? ",
"Which European countries have a constitutional monarchy?","В какой европейской стране конституционная монархия?","Кыӵе европейской шаерын конституционной монархия? ",
"Which countries have places with more than two caves?","В каких странах есть места с более чем двумя пещерами?","Кыӵе кунъёсын вань интыос кыклэсь торс пещераосын? ",
"Which airports are located in California, USA?","Какие аэропорты расположены в штате США Калифорнии?","Кыӵе аэропортъёс интыяськемын Калифорниын? ",
"What are the nicknames of San Francisco?","Какие прозвища у Сан-Франциско?","Кыӵе кушем нимъесыз Сан-Францисколэн? ",
"What is Angela Merkel’s birth name?","Какое имя было дано Ангеле Меркель при рождении?","Кыӵе ним сётэмын вал Ангела Меркельлы вордскыкуз? ",
"Who is the mayor of Berlin?","Кто мэр Берлина?","Кин Берлинлэн валтись адямиез? ",
"Which countries in the European Union adopted the Euro?","Какие страны Европейского Союза стали использовать евро?","Европейской Союзысь Кыӵе кунъёс евроез ужэ кутизы? ",
"Which software has been published by Mean Hamster Software?","Какое программно обеспечение было выпущено Mean Hamster Software?","Кыӵе программной обеспечение поттэмын Mean Hamster Software?",
"Which country was Bill Gates born in?","В какой стране родился Билл Гейтс?","Кыӵе кунын вордскиз Бил Гейтс? ",
"How many grand-children did Jacques Cousteau have?","Сколько внуков было у Жака Ива Кусто?","Кӧня внукъёсыз  вал Жак Ив Кустолэн?",
"Give me all professional skateboarders from Sweden.","Перечислите всех профессиональных скейтбордистов Швеции.","Вералэ ваньзэ профессиональной швед скейтбордистъесты. ",
"Which monarchs of the United Kingdom were married to a German?","Кто из монархов Соединенного Королевства был женат на немке?","Кин  Огазелуись королевствоысь  монархъёс полысь немка вылэ кышнояськиз?",
"Give me all Argentine films.","Перечислите аргентинские фильмы","Вералэ аргентин киноосты. ",
"How did Michael Jackson die?","Как умер Майкл Джексон?","Кызьы кулиз Майкл Джексон?",
"Which U.S. state has been admitted latest?","Какой из штатов США был образован позже всех?","СШАлэн Кыӵе штатэз кылдиз ваньмызлэсь бергес?",
"Which classes does the Millepede belong to?","К какому классу относятся многоножки?","Кыӵе классэ пыро многоножкаос?",
"Give me the homepage of Forbes.","Адрес домашней страницы издания Форбс?","Форбс изданилэн домашней страницаез? ",
"Who is the husband of Amanda Palmer?","Кто является мужем Аманды Палмер?","Кин Амеда Палмерлэн картэз?",
"Who painted The Storm on the Sea of Galilee?","Кто является художником картины ""Буря на Галилейском море""?","Кин  ""Буря на Галилейском море"" суредлэн авторез?",
"What is the highest place of Karakoram?","Наивысшая точка Каракорума?","Тужгес но выли пусэз Каракорум гурезьлэн?  ",
"When did Finland join the EU?","Когда Финляндия присоединилась к Евросоюзу?","Ку Фин кун огазеяськиз  Евросоюзэн? ",
"Which actors play in Big Bang Theory?","Какие актеры играли в Теории Большого Взрыва?","Кыӵе актеръёс шудизы ""Теория Большого Взрыва"" киноын?",
"Which computer scientist won an oscar?","Какой ученый в области информационных технологий выиграл оскар?","Кыӵе информационной технологиосъя тодосчи утиз Оскар?",
"Who wrote Harry Potter?","Кто написал Гарри Поттера?","Кин гожтиз ""Гарри Поттер"" книгаез?",
"Give me all writers that won the Nobel Prize in literature.","Перечислите всех писателей, получивших Нобелевскую премию по литературе.","Вералэ вань писательёсты, кудъёсых утизы Нобелевской премия? ",
"Give me English actors starring in Lovesick.","Перечислите всех английских актеров, снимавшихся в «Тоске от любви».","Вералэ вань англи актёръёсты, кудъёсыз шудӥллям Lovesick-ын. ",
"What is the nick name of Baghdad?","Какое еще называют Багдад?","Кызья нимало на Багдад карез? ",
"In which city was the president of Montenegro born?","В каком городе родился президент Монтенегро?","Кыӵе карын вордскемын Монтенегролэн валтись муртэз? ",
"Which U.S. state has the highest population density?","Какой штат США имеет самую высокую плотность населения?","СШАысь Кыӵе штатын тужгес но трос улисьёсыз? ",
"What is the longest river in China?","Какая самая длинная река Китая?","Кыӵе тужгес но кузь китай шур? ",
"What is the area code of Berlin?","Какой код города у Берлина?","Кыӵе Берлин карлэн кодэз? ",
"How many scientists graduated from an Ivy League university?","Сколько ученых закончили университет Лиги плюща","Кӧня тодосчиос йылпумъязы ""Лига плюща"" университетэз?",
"Which professional surfers were born in Australia?","Какие профессиональные серферы родились в Австралии","Кыӵе профессиональной серферъёс вордскизы Австралиын?",
"Give me all Dutch parties.","Перечислите все голландские партии","Вералэ вань голландской партиосты. ",
"How many moons does Mars have?","Сколько спутников у Марса","Кӧня Марслэн спутникез? ",
"What is Batman's real name?","Какое настоящее имя у Бэтмена","Кыӵе зэмос нимыз Бетменлэн?",
"What is Elon Musk famous for?","Чем знаменит Илон Маск","Маин тодмо Илон Маск?",
"Who is the author of WikiLeaks?","Кто создал WikiLeaks","Кин кылдытиз WikiLeaks?",
"Sean Parnell was the governor of which U.S. state?","Губернатором какого штата США был Шон Парнелл","СШАысь Кыӵе штатлэн губернаторез вал Шон Парнелл?",
"How many years was the Ford Model T manufactured?","Сколько лет выпускался Ford Model T","Кӧня ар поттизы  Ford Model T?",
"When was Carlo Giuliani shot?","Когда был застрелен Карло Джулиани","Ку ыбизы Карло Джулианиез?",
"Give me all animals that are extinct.","Назовите всех вымерших животных.","Вералэ вань кулэм-бырем пойшуръёсты. ",
"Who was the wife of President Lincoln?","Кто был женой президента Линкольна?","Кин вал Линкольнлэн куспалыз?",
"How many awards has Bertrand Russell?","Сколько наград у Бертрана Рассела?","Кӧня пусэн пусъемын Бертран Рассел?",
"Is Pamela Anderson a vegan?","Является ли Памела Андерсон веганом?","Пенелопа Андерсон веган-а?",
"Which space probes were sent into orbit around the sun?","Какие зонды были отправлены на солнечную орбиту?","Кыӵе зондъёс келямын вал шунды орбитае? ",
"Which German cities have more than 250000 inhabitants?","Какие немецкие города имеют население более 25000 жителей?","Кыӵе немец каръёс 25000лэсь ятыр улосчиосты лыдъяло? ",
"Who is the daughter of Robert Kennedy married to?","Кто муж дочери Роберта Кеннеди?","Роберт Кенедилэн нылызлэн кин картэз?",
"How many students does the Free University of Amsterdam have?","Сколько студентов учится в Свободном Университете Амстердама?","Кӧня студент дышетске Амстердамысь Эрико университетын? ",
"What is the revenue of IBM?","Какая выручка у IBM?","Кӧня IBMлэн уксе выручкаез?",
"How many James Bond movies do exist?","Сколько есть фильмов про Джеймса Бонда?","Кӧня кино Джейс Бонд сярысь поттэмын? ",
"Who does the voice of Bart Simpson?","Кто озвучивает Барта Симпсона?","Кин Бартон Симсонлэсь куаразэ возьматэ? ",
"Who was Tom Hanks married to?","На ком был женат Том Хэнкс?","Кин вал Том Хэнкслэн кышноез?",
"Through which countries does the Yenisei river flow?","Через какие страны протекает Енисей?","Кыӵе шаеръёс пыр бызе Енисей шур?",
"Give me all cars that are produced in Germany.","Перечислите все марки автомобили, производящихся в Германии?","Вералэ вань автомобиль маркаосты, кудъёссэ потто Германиын?",
"When did Michael Jackson die?","Когда умер Майкл Джексон?","Ку кулиз Майкл Джексон?",
"What is the highest volcano in Africa?","Самый высокий вулкан Африки?","Тужгес но жужытэз Африкаысь вулкан?",
"Which poet wrote the most books?","Какой поэт написал наибольшее число книг?","Кыӵе поэт гожтиз тужгес но трос книга?",
"Give me all gangsters from the prohibition era.","Перечислите всех гангстеров из эпохи сухого закона.","Вералэ ваньзэ ганстеръёсты кос закон дыръёсысь? ",
"Give me all spacecrafts that flew to Mars.","Перечислите все космические корабли, совершившие полет на Марс.","Вералэ вань инсьор корабльёсты, кудъёсыз лобазы Марсэ. ",
"Show me all Czech movies.","Перечислите все чешские фильмы.","Вералэ ваньзэ чех киноосты. ",
"Give me all taikonauts.","Назови мне всех китайских космонавтов.","Ваералэ ваньзэ китай космонавтъёсты. ",
"Which countries have more than ten volcanoes?","Какие страны имеют более десяти вулканов?","Кыӵе шаеръёсын даслэсь трос вулканъёс? ",
"Give me all movies with Tom Cruise.","Дай мне все фильмы с участием Тома Круза.","Вай мыным вань фильмъёсты,кудъёсах шудэ  Том Круз. ",
"When did Dracula's creator die?","Когда умер автор Дракулы?","Ку кулиз ""Дракула"" романлэн гожтисез?",
"Who created English Wikipedia?","Кто создал англоязычную википедию?","Кин кылдытиз англи кылын википедиез?",
"Give me all female German chancellors.","Назови мне всех женщин канцлеров Германии?","Вара мыным вань  кышномуртъёсыт, кудъёсыз Германиын канцлер луыса ужазы.",
"Who owns Aldi?","Кому принадлежит Альди?","Кин валтэ Альди брендэн?",
"Which books were written by Danielle Steel?","Какие книги были написаны Даниэлой Стил?","Кыӵе книгаос гожтэмын Даниэлла Стилэн?",
"Who was influenced by Socrates?","На кого оказал влияние Сократ?","Кинлы пыӵаз Сократ? ",
"How deep is Lake Chiemsee?","Какая глубина озера Кимзе?","Кыӵе Кимзе тылэн мурдалаез?",
"Which companies work in the aerospace industry as well as in medicine?","Какие компании ведут деятельность как в аэрокосмической отрасли, так и в медицине?","Кыӵе компаниос ужзэс нуо инсьор отрасльын но эмъянын (эмъяни удысын)?",
"Which professional surfers were born on the Philippines?","Какие профессиональные серферы родились на Филлипинах?","Кыӵе профессиональной серферъёс вордскизы Филлипиныын?",
"Who were the parents of Queen Victoria?","Родители Королевы Виктории?","Королева Викториялэн анай-атаез?",
"Are there any castles in the United States?","Есть ли средневековые замки в Соединенных Штатах Америки?","СШАын вань-а средневековой замокъёс?",
"Which languages are spoken in Estonia?","На каких языках говорят в Эстонии?","Кыӵе кылъёсын верасько Эстониын?",
"Give me a list of all critically endangered birds.","Перечислите все виды птиц на грани исчезновения?","Вералэ вань тылобурдоосты, кудъёсыз бырон калэ вуо ни?",
"Which countries are connected by the Rhine?","Какие страны соединяет река Рейн?","Кыӵе шаеръёсты огазея Рейн шур?",
"Who was the father of Queen Elizabeth II?","Кто был отцом королевы Елизаветы II?","Кин вал атаез Елизавета II королевалэн?",
"Give me all chemical elements.","Перечислите все химические элементы?","Вералэ вань хими элементъёсты",
"Give me all American presidents of the last 20 years.","Перечислите всех американских президентов за последние 20 лет.","Вералэ ваньзэ аерикан азьмуръёсты берпумети 20 арскын.  ",
"When is the movie Worst Case Scenario going to be in cinemas in the Netherlands?","Когда фильм ""Худший сценарий"" выйдет в кино в Нидерландах?","Ку потоз Нидерландыын «Worst Case Study» фильм? ",
"Whom did Lance Bass marry?","На ком женат Ланс Басс?","Кин Ланс Басслэн кышноез?",
"Which subsidiary of TUI Travel serves both Glasgow and Dublin?","Какой филиал турфирмы TUI обслуживает и Глазго и Дублин?","TUI турфирмалэн кыӵе филиалэз Дублин но Глазго городъёсты обслуживать каре?",
"What languages are spoken in Pakistan?","На каких языках говорят в Пакистане?","Кыӵе кылъёсын верасько Пакистанын?",
"Who is the daughter of Bill Clinton married to?","За кем замужем дочь Билла Клинтона?","Кинлы быӟемын Билл Клинтонлэн нылыз? ",
"Who was on the Apollo 11 mission?","Кто был в составе миссии Аполлон 11?","Кин вал ""Аполлон11"" миссилэн составаз? ",
"What is the wavelength of Indigo?","Какова длина волны цвета Индиго?","Кыӵе кузьдалаез Индиго буёл тулкымлэн?",
"Give me all B-sides of the Ramones.","Укажите все б-сайды группы Рамонес.","""Рамонес"" группалэсь вань б-сайдъёссэс вералэ.  ",
"Who was called Scarface?","Кого звали ""Лицом со шрамом""?","Кинэз «Шрам» шуылӥзы? ",
"Which rivers flow into the North Sea?","Какие реки впадают в Северное Море?","Кыӵе шуръёс усе Уйпал зарезе?",
"Where is Fort Knox located?","Где находится Форт-Нокс?","Кытын интыяськемын Форт-Нокс?",
"Which daughters of British earls died at the same place they were born at?","Кто из дочерей британских графов умер там же, где родился?","Британ графъёслэн нылъёссы полысь кин кулиз отын ик, кытын вордскиз? ",
"How many emperors did China have?","Сколько в Китае было императоров?","Китайын Кӧня император вал? ",
"What are the names of the Teenage Mutant Ninja Turtles?","Как зовут Черепашек-Ниндзя?","Кызьы нимъёссы Нинзя черепашкаослэн? ",
"Where does Piccadilly start?","Где начинается улица Пикадилли?","Кытын кутске Пикадилли урам?",
"What is the name of the university where Obama's wife studied?","Как называется университет, где училась жена Обамы?","Кызьы нимаське университет, кудаз дышетскиз Обамалэн кышноез?",
"When did Paraguay proclaim its independence?","Когда было провозглашена независимость Парагвая?","Ку ялэмын Парагвайлэн эрико луэмез?",
"How short is the shortest active NBA player?","Каков рост самого маленького действующего игрока NBA?","Кыӵе жуждалаез тужгес но пичи мугоро NBAысь шудӥсьлэн?",
"Where did Abraham Lincoln die?","Где умер Авраам Линкольн?","Кытын кулиз Авраам Линкольн?",
"When was Jack Wolfskin founded?","Когда была создана компания Jack Wolfskin?","Ку кылдытэмын Jack Wolfskin компания?",
"In which city is the headquarter of Air China?","В каком городе штаб-квартира Air China?","Кыӵе городын Air China авиакопанилэн штаб-квартираез? ",
"What is the founding year of the brewery that produces Pilsner Urquell?","Год основаная пивоварни, производящей Pilsner Urquell?","Ку кылдиз сур посьтон, кудаз потто  Pilsner Urquell?",
"When did the Boston Tea Party take place?","Когда началось Бостонское чаепитие?","Ку кутскиз Бостонской чай юон?",
"Which animals are critically endangered?","Какие виды животных на грани исчезновения?","Кыӵе пойшуръёс бырон калэ вуэмын?",
"Which politicians were married to a German?","Какие политики имели жен германского происхождения?","Кыӵе политикъёслэн кышноосы герман выжыысь?",
"How big is the earth's diameter?","Какой диаметр Земли?","Кыӵе диаметрез Музъемлэн?",
"Is the wife of President Obama called Michelle?","Зовут ли жену президента Обамы Мишель?","Обамалэсь кышнозэ Мишель-а нимало?",
"Which U.S. state has the abbreviation MN?","Какой штат США имеет сокращенное название MN?","СШАысь Кыӵе штатэз вакчияк MN нимало?",
"When did Muhammad die?","Когда умер Мухаммед?","Ку кулиз Мухаммед?",
"What is the atmosphere of the Moon composed of?","Из чего состоит атмосфера Луны?","Марлэсь кылдэмын Толэзьлэн атмосфераез? ",
"Who is the governor of Texas?","Кто губернатор Техаса?","Кин Техаслэн  валтисьмуртэз?",
"Which movies did Kurosawa direct?","Какие фильмы срежиссировал Куросава?","Кыӵе киноослы режжисер луиз Куросава?",
"What was the name of the famous battle in 1836 in San Antonio?","Как называется знаменитая битва 1836 года у Сан-Антонио?","Кызьы нимаське 1836 арын Сан-Антониоын ортчем  ожмаськон?",
"Give me the official websites of actors of the television show Charmed.","Назови мне официальный сайт актеров телевизионного шоу ""Зачарованные""","""Зачарованной"" телешоуысь актеръёслэн  официальной сайтсы?",
"How many calories does a baguette have?","Сколько калорий в багете?","Кӧня калориез багетын? ",
"Give me all libraries established before 1400.","Назови мне все библиотеки учрежденные до 1400 года.","Вера мыным вань лыдзиськонниосты, кудъёсыз усьтиськемын  1400 арозь ",
"Give me all Frisian islands that belong to the Netherlands.","Назови мне все Фризские острова принадлежащие Нидерландам.","Вера мыным Нидерландысь вань Фризский островъёсты. ",
"Which museum exhibits The Scream by Munch?","В каком музее выставлен ""Крик"" Мунка?","Кыӵе музейын Мунхлэн «Кырӟемез» возьматэмын? ",
"When was the De Beers company founded?","В каком году основана компания ""Де Бирс""?","Кыӵе арын кылдэмын ""Де Бирс"" компания?",
"Who became president after JFK died?","Кто стал президентом после смерти Джона Франклина Кеннеди?","Кин президент луиз Джон Франклин Кеннедилэн кулэмез бере? ",
"Who are the parents of the wife of Juan Carlos I?","Кто является родителями жены Хуана Карлоса I?","Кинъёс I Хуан Карлослэн кышноезлэн анай-атаез? ",
"Who is the novelist of the work a song of ice and fire?","Кто является автором произведения «Песнь льда и пламени»?"," Кин «Песнь льда и пламени» романлэн авторез? ",
"In which studio did the Beatles record their first album?","В какой студии Beatles записали первый альбом?","Кыӵе студиын Beatles гожтизы нырысети альбомзэс?",
"Which beer brewing companies are located in North-Rhine Westphalia?","Какие пивоваренные компании расположены в штате Северный Рейн-Вестфалия?","Кыӵе сур пӧзьтон компаниос интыяськемын Уйпал Рейн-Вестфалия штатын?",
"When did princess Diana die?","Когда умерла принцесса Диана?","Ку кулиз принцесса Диана?",
"Who founded Intel?","Кто основал Intel?","Кын кылдытиз Intel компаниез?",
"Who is the youngest player in the Premier League?","Кто является самым молодым игроком Премьер Лиги?","Кин тужгес но егитэз шудись Премьер Лигаын? ",
"Which instruments does Cat Stevens play?","Какими инструментами владеет Кэт Стивенс?","Кыӵе крезьгур инструментъёсын шудэ Кэт Стивенс?",
"How many rivers and lakes are in South Carolina?","Сколько рек и озер в Южной Каролине?","Кӧня шуръёс но тыос Лымшор Каролинаын?",
"Who was called Rodzilla?","Кого звали Родзилла?","Кинэ нимало вал Родзилла?",
"Give me the capitals of all countries in Africa.","Назовите все столицы всех стран Африки.","Верпалэ Африкаысь вань кунъёслэсь шоркаръёсэ",
"Which bridges are of the same type as the Manhattan Bridge?","Какие мосты являются мостами того же типа, что и Манхеттенский мост?","Кыӵе выжъёс пуктэмын Манхеттэнысь выж форма? ",
"How many companies were founded by the founder of Facebook?","Как много компаний были основаны основателем Фейсбука?","Кӧня компанос кылдытэмын Фейсбук кылдытисен?",
"Show me hiking trails in the Grand Canyon where there's no danger of flash floods.","Покажите мне походные маршруты в Гарнд каньоне, где нет опасности паводков.","Возьматэ мыным Гранд каньон ветлон маршрутъёсты, кытын ӧвӧл тудву люкаськон кышкытлык? ",
"Which book has the most pages?","В какой книге больше всего страниц?","Кыӵе книгаын тужгес но трос бамъёсыз?",
"What is the largest state in the United States?","Какой из штатов США - наибольший?","СШАысь Кыӵе штатэз тужгес но бадзымез?",
"Give me the websites of companies with more than 500000 employees.","Покажите мне сайты компаний, у которых более 500000 работников.","Возьматэ мыным компаниослэсь сайтъёссэс, кудаз ужало 500000 ятырлэсь ужасьёс. ",
"What were the names of the three ships by Columbus?","Как назывались три корабля Колумба?","Кызьы нимасько вал Колумблэн куинь кораблез?",
